,model,best_params,mae,mse,r2,example_predictions
0,RandomForest,"{'max_depth': 20, 'min_samples_leaf': 1, 'min_samples_split': 2, 'n_estimators': 100}",8.42493054583634,426.2254461581306,-0.3085782011699816,"[5.71178571e+01 3.67580821e+01 1.27220141e+01 1.00000000e+00
 4.76190476e-02]"
1,GradientBoosting,"{'learning_rate': 0.05, 'max_depth': 7, 'n_estimators': 500}",7.412848326170171,421.60934777624027,-0.2944060634634105,[51.28081468 26.95336748 14.3236745   0.27275478  0.20607984]
2,XGBoost,"{'learning_rate': 0.1, 'max_depth': 5, 'n_estimators': 500}",7.908231127816527,432.44605221444095,-0.3276764261979017,[53.941826  28.28688   14.580702   0.2390124 -0.1400855]
3,LightGBM,"{'learning_rate': 0.1, 'max_depth': 7, 'n_estimators': 500}",8.27302667375793,437.70984695390734,-0.34383709214027136,[59.04221894 30.8296398  15.36388775  0.05995106 -0.16295409]
4,NeuralNetwork,"{'activation': 'relu', 'alpha': 0.001, 'hidden_layer_sizes': (100, 100), 'solver': 'sgd'}",14.48752642734186,921.8027194885847,-1.8300772639802632,[103.03742373  70.57589491  48.6651498   -1.95293178   0.67230481]
